Variable,VIF
Age,4.921687662149342
Income,3.1029451009651687
Overweight_Yes,2.9633767379317417
Soft_drink_Yes,1.3255331466994988
HighBlood_Yes,1.64209090801837
Stroke_Yes,1.2340016263704872
Arthritis_Yes,1.5143400035402443
Diabetes_Yes,1.3506475335949026
Hyperlipidemia_Yes,1.4677014986261046
BackPain_Yes,1.6520909575258262
Anxiety_Yes,1.4396637347825927
Allergic_rhinitis_Yes,1.5952055435915362
Reflux_esophagitis_Yes,1.636567038969826
Asthma_Yes,1.3875339076543183
