Variable,VIF
Age,5.026949878959474
Income,3.115380544241625
Overweight_Yes,2.973656952737119
Soft_drink_Yes,1.3267174366260948
ReAdmis_Yes,1.536613747952201
HighBlood_Yes,1.643814470939144
Stroke_Yes,1.2345038130201686
Arthritis_Yes,1.5163497975310567
Diabetes_Yes,1.3512612941662994
Hyperlipidemia_Yes,1.4692805939796498
BackPain_Yes,1.6550758434980708
Anxiety_Yes,1.4408567679474586
Allergic_rhinitis_Yes,1.59636315745872
Reflux_esophagitis_Yes,1.6392364847300434
Asthma_Yes,1.387555079894623
