PC,Explained Variance,Cumulative Variance
PC1,0.34176425833062996,0.34176425833062996
PC2,0.33009150633399426,0.6718557646646242
PC3,0.32814423533537584,1.0
