,Age,Income,VitD_levels
PC1,-0.5285350713306269,0.6071353980464614,-0.5933273015903568
PC2,0.8431606943716377,0.2942276965961783,-0.45001122877373373
PC3,0.09864442123236129,0.7381169764980833,0.6674223604023619
